INSERT INTO EDiary.class (number, letter)
VALUES (1, 'A'),
       (1, 'Б'),
       (1, 'В'),
       (1, 'Г'),
       (2, 'A'),
       (2, 'Б'),
       (2, 'В'),
       (2, 'Г'),
       (3, 'A'),
       (3, 'Б'),
       (3, 'В'),
       (3, 'Г'),
       (4, 'A'),
       (4, 'Б'),
       (4, 'В'),
       (4, 'Г'),
       (5, 'A'),
       (5, 'Б'),
       (5, 'В'),
       (5, 'Г'),
       (6, 'A'),
       (6, 'Б'),
       (6, 'В'),
       (6, 'Г'),
       (7, 'A'),
       (7, 'Б'),
       (7, 'В'),
       (7, 'Г'),
       (8, 'A'),
       (8, 'Б'),
       (8, 'В'),
       (8, 'Г'),
       (9, 'A'),
       (9, 'Б'),
       (9, 'В'),
       (9, 'Г'),
       (10, 'A'),
       (10, 'Б'),
       (10, 'В'),
       (10, 'Г'),
       (11, 'A'),
       (11, 'Б'),
       (11, 'В'),
       (11, 'Г'),
       (0, 'Е');


INSERT INTO EDiary.student (class_id, name, surname, phone, hashed_password, enrollment_date)
VALUES (1, 'Эрен', 'Йегер', '+7 (123) 456-78-90', 'hashed_password1', '2023-01-01'),
       (1, 'Микаса', 'Аккерман', '+7 (234) 567-89-01', 'hashed_password2', '2023-01-01'),
       (1, 'Армин', 'Арлерт', '+7 (345) 678-90-12', 'hashed_password3', '2023-01-01'),
       (2, 'Леви', 'Аккерман', '+7 (456) 789-01-23', 'hashed_password4', '2023-01-01'),
       (2, 'Саша', 'Блауз', '+7 (567) 890-12-34', 'hashed_password5', '2023-01-01'),
       (2, 'Конни', 'Спрингер', '+7 (678) 901-23-45', 'hashed_password6', '2023-01-01'),
       (3, 'Жан', 'Кирштейн', '+7 (789) 012-34-56', 'hashed_password7', '2023-01-01'),
       (3, 'Марко', 'Ботт', '+7 (890) 123-45-67', 'hashed_password8', '2023-01-01'),
       (4, 'Райнер', 'Браун', '+7 (901) 234-56-78', 'hashed_password9', '2023-01-01'),
       (4, 'Бертольт', 'Хувер', '+7 (012) 345-67-89', 'hashed_password10', '2023-01-01'),
       (4, 'Анни', 'Леонхарт', '+7 (123) 456-78-91', 'hashed_password11', '2023-01-01'),
       (17, 'Хистория', 'Райс', '+7 (234) 567-89-11', 'hashed_password12', '2023-01-01'),
       (17, 'Ймир', 'Фриц', '+7 (345) 678-90-22', 'hashed_password13', '2023-01-01'),
       (17, 'Ханджи', 'Зоэ', '+7 (456) 789-11-23', 'hashed_password14', '2023-01-01'),
       (38, 'Эрвин', 'Смит', '+7 (567) 890-14-34', 'hashed_password15', '2024-01-01');


INSERT INTO EDiary.teacher (name, surname, phone, hashed_password)
VALUES ('Jonathan', 'Joestar', '+7 (223) 456-78-90', 'hashed_password1'),
       ('Joseph', 'Joestar', '+7 (233) 567-89-01', 'hashed_password2'),
       ('Jotaro', 'Kujo', '+7 (346) 678-90-12', 'hashed_password3'),
       ('Josuke', 'Higashikata', '+7 (456) 789-01-23', 'hashed_password4'),
       ('Giorno', 'Giovanna', '+7 (367) 890-12-34', 'hashed_password5'),
       ('Jolyne', 'Cujoh', '+7 (672) 901-23-45', 'hashed_password6'),
       ('Johnny', 'Joestar', '+7 (689) 012-34-56', 'hashed_password7'),
       ('Gyro', 'Zeppeli', '+7 (890) 423-45-67', 'hashed_password8'),
       ('Bruno', 'Bucciarati', '+7 (951) 234-56-78', 'hashed_password9'),
       ('Narancia', 'Ghirga', '+7 (012) 845-67-89', 'hashed_password10'),
       ('Mista', 'Guido', '+7 (124) 456-08-90', 'hashed_password11'),
       ('Diavolo', 'Boss', '+7 (234) 567-09-01', 'hashed_password12'),
       ('Kira', 'Yoshikage', '+7 (345) 618-90-12', 'hashed_password13'),
       ('Rohan', 'Kishibe', '+7 (456) 389-01-23', 'hashed_password14'),
       ('Okuyasu', 'Nijimura', '+7 (657) 890-12-34', 'hashed_password15');


INSERT INTO EDiary.subject (name)
VALUES ('Математика'),
       ('Русский язык'),
       ('Литература'),
       ('История'),
       ('Физика'),
       ('Химия'),
       ('Биология'),
       ('География'),
       ('Иностранный язык'),
       ('Физическая культура'),
       ('Информатика'),
       ('Обществознание'),
       ('Технология'),
       ('Искусство'),
       ('Музыка');


INSERT INTO EDiary.lesson (class_id, teacher_id, subject_id, schedule)
VALUES (1, 1, 1, '2024-01-01 08:00:00'),
       (2, 2, 1, '2024-01-01 09:00:00'),
       (3, 3, 3, '2024-01-03 10:00:00'),
       (4, 4, 4, '2024-01-04 11:00:00'),
       (5, 5, 5, '2024-01-05 12:00:00'),
       (6, 6, 6, '2024-01-06 13:00:00'),
       (7, 7, 7, '2024-01-07 14:00:00'),
       (8, 8, 8, '2024-01-08 15:00:00'),
       (9, 9, 9, '2024-01-09 16:00:00'),
       (10, 10, 10, '2024-01-10 17:00:00'),
       (11, 11, 11, '2024-01-11 08:30:00'),
       (12, 12, 12, '2024-01-12 09:30:00'),
       (13, 13, 13, '2024-01-13 10:30:00'),
       (14, 14, 14, '2024-01-14 11:30:00'),
       (15, 15, 15, '2024-01-15 12:30:00');


INSERT INTO EDiary.task (lesson_id, type, description)
VALUES (1, 0, 'Развивайся'),
       (1, 1, 'Развивайся'),
       (2, 0, 'Развивайся'),
       (2, 1, 'Развивайся'),
       (8, 1, 'Развивайся'),
       (9, 0, 'Развивайся'),
       (11, 1, 'Развивайся'),
       (12, 0, 'Развивайся'),
       (12, 1, 'Развивайся'),
       (13, 0, 'Развивайся'),
       (13, 1, 'Развивайся'),
       (14, 0, 'Развивайся'),
       (14, 1, 'Развивайся'),
       (15, 0, 'Развивайся'),
       (15, 1, 'Нужно развиваться');


INSERT INTO EDiary.mark (student_id, task_id, value)
VALUES (1, 1, 5),
       (2, 2, 2),
       (3, 3, 3),
       (4, 4, 2),
       (5, 5, 0),
       (6, 6, 5),
       (7, 7, 4),
       (8, 8, 3),
       (9, 9, 2),
       (10, 10, 5),
       (11, 11, 5),
       (12, 12, 4),
       (13, 13, 3),
       (14, 14, 5),
       (15, 15, 5);


INSERT INTO EDiary.class_history (student_id, class_id, start_date, end_date)
VALUES (1, 1, '2020-09-01', '2021-06-01'),
       (2, 2, '2020-09-01', '2021-06-01'),
       (3, 3, '2020-09-01', '2021-06-01'),
       (4, 4, '2020-09-01', '2021-06-01'),
       (5, 5, '2020-09-01', '2021-06-01'),
       (6, 6, '2020-09-01', '2021-06-01'),
       (7, 7, '2020-09-01', '2021-06-01'),
       (8, 8, '2020-09-01', '2021-06-01'),
       (9, 9, '2020-09-01', '2021-06-01'),
       (10, 10, '2020-09-01', '2021-06-01'),
       (11, 11, '2020-09-01', '2021-06-01'),
       (12, 12, '2020-09-01', '2021-06-01'),
       (13, 13, '2020-09-01', '2021-06-01'),
       (14, 14, '2020-09-01', '2021-06-01'),
       (15, 15, '2020-09-01', '2021-06-01'),
       (1, 1, '2021-09-01', '2022-06-01'),
       (2, 2, '2021-09-01', '2022-06-01'),
       (3, 3, '2021-09-01', '2022-06-01'),
       (4, 4, '2021-09-01', '2022-06-01'),
       (5, 5, '2021-09-01', '2022-06-01'),
       (6, 6, '2021-09-01', '2022-06-01'),
       (7, 7, '2021-09-01', '2022-06-01'),
       (8, 8, '2021-09-01', '2022-06-01'),
       (9, 9, '2021-09-01', '2022-06-01'),
       (10, 10, '2021-09-01', '2022-06-01'),
       (11, 11, '2021-09-01', '2022-06-01'),
       (12, 12, '2021-09-01', '2022-06-01'),
       (13, 13, '2021-09-01', '2022-06-01'),
       (14, 14, '2021-09-01', '2022-06-01'),
       (15, 15, '2021-09-01', '2022-06-01');
